Workbook

Sheet Test Plan
A1: TEST PLAN - ENGLISH CENTER MVC
A2: Baseline QA theo Waterfall | Cập nhật: 2026-09-23
A4: Nhóm | B4: Hạng mục | C4: Nội dung | D4: Owner/Trạng thái
A5: Thông tin | B5: Dự án | C5: Hệ thống quản lý học viên trung tâm tiếng Anh | D5: Project Lead
A6: Thông tin | B6: Phiên bản | C6: QA Baseline v1.0 | D6: Approved
A7: Phạm vi | B7: In scope | C7: Auth; Course; Class; Enrollment; Attendance; Grade; Search/Filter/Pagination; Authorization | D7: QA
A8: Phạm vi | B8: Out of scope | C8: Online payment; email/SMS; public API; performance/load; production deployment | D8: Agreed
A9: Môi trường | B9: Stack | C9: .NET 10; ASP.NET Core MVC; EF Core; SQL Server; cookie auth | D9: Dev
A10: Môi trường | B10: Trình duyệt | C10: Chrome và Edge stable; desktop 1366x768 trở lên | D10: QA
A11: Môi trường | B11: Build | C11: dotnet build Assignment.slnx --no-restore | D11: Exit code 0
A12: Tài khoản | B12: Admin | C12: admin / admin@123 | D12: Seed
A13: Tài khoản | B13: GiaoVu | C13: giaovu01 / giaovu@123 | D13: Seed
A14: Tài khoản | B14: SinhVien 1 | C14: sv2026001 / 123456 | D14: Seed
A15: Tài khoản | B15: SinhVien 2 | C15: sv2026002 / 123456 | D15: Seed
... A29: Rủi ro | B29: Upload | C29: Cần xác nhận giới hạn MIME/extension/size phía server trước production. | D29: High

Sheet Requirements
A1: REQUIREMENT BASELINE
A2: Yêu cầu chức năng và phi chức năng dùng để truy vết test case.
A4: REQ ID | B4: Module | C4: Mô tả yêu cầu | D4: Ưu tiên | E4: Nguồn | F4: Trạng thái
A5: REQ-AUTH-001 | B5: Auth | C5: Người dùng hoạt động đăng nhập được bằng đúng tên đăng nhập và mật khẩu. | D5: P0 | E5: AccountController.Login | F5: Baseline v1.0
A6: REQ-AUTH-002 | B6: Auth | C6: Hệ thống từ chối tài khoản không tồn tại, bị khóa hoặc sai mật khẩu. | D6: P0 | E6: AccountController.Login | F6: Baseline v1.0
A7: REQ-AUTH-003 | B7: Auth | C7: Tên đăng nhập và mật khẩu là dữ liệu bắt buộc. | D7: P1 | E7: LoginViewModel | F7: Baseline v1.0
A8: REQ-AUTH-004 | B8: Auth | C8: Hỗ trợ remember-me và chỉ chuyển tiếp đến ReturnUrl nội bộ. | D8: P1 | E8: AccountController.Login | F8: Baseline v1.0
A9: REQ-AUTH-005 | B9: Auth | C9: Đăng xuất phải hủy phiên xác thực và quay về trang đăng nhập. | D9: P0 | E9: AccountController.Logout | F9: Baseline v1.0
A10: REQ-AUTH-006 | B10: Auth | C10: Chỉ Admin và GiaoVu được truy cập các module quản trị. | D10: P0 | E10: Authorize attributes | F10: Baseline v1.0
A11: REQ-COURSE-001 | B11: Course | C11: Danh sách khóa học hỗ trợ tìm kiếm và sắp xếp bản ghi mới trước. | D11: P1 | E11: CourseController.Index | F11: Baseline v1.0
A12: REQ-COURSE-002 | B12: Course | C12: Danh sách khóa học phân trang 5 bản ghi mỗi trang. | D12: P2 | E12: CourseController.Index | F12: Baseline v1.0
A13: REQ-COURSE-003 | B13: Course | C13: Xem được chi tiết khóa học và các lớp liên kết. | D13: P1 | E13: CourseController.Details | F13: Baseline v1.0
A14: REQ-COURSE-004 | B14: Course | C14: Tạo khóa học hợp lệ; dùng ảnh mặc định khi không tải ảnh. | D14: P0 | E14: CourseController.Create | F14: Baseline v1.0
A15: REQ-COURSE-005 | B15: Course | C15: Tải lên và thay thế ảnh bìa khóa học. | D15: P1 | E15: CourseController.Create/Edit | F15: Baseline v1.0
... A56: REQ-COMMON-005 | B56: Common | C56: Giao diện luồng chính dùng được trên trình duyệt mục tiêu và không vỡ bố cục. | D56: P2 | E56: MVC views | F56: Baseline v1.0

Sheet Test Cases
A1: TEST CASES
A2: Bộ test baseline gồm 90 case. Các cột kết quả để QA cập nhật khi chạy test.
A4: TC ID | B4: Module | C4: REQ ID | D4: Tiêu đề | E4: Ưu tiên | F4: Loại | G4: Tiền điều kiện | H4: Dữ liệu kiểm thử | I4: Các bước thực hiện | J4: Kết quả mong đợi | K4: Kết quả thực tế | L4: Trạng thái | M4: Mức độ nếu lỗi | N4: Người kiểm thử | O4: Ngày chạy | P4: Ghi chú
A5: TC-AUTH-001 | B5: Auth | C5: REQ-AUTH-001 | D5: Đăng nhập thành công bằng tài khoản Admin | E5: P0 | F5: Smoke | G5: Database seed sẵn; chưa đăng nhập. | H5: admin / admin@123 | I5: 1. Mở /Account/Login 2. Nhập tài khoản 3. Chọn Đăng nhập | J5: Đăng nhập thành công, chuyển đến Home và phiên mang role Admin. | L5: Chưa chạy | M5: Critical
A6: TC-AUTH-002 | B6: Auth | C6: REQ-AUTH-001 | D6: Đăng nhập thành công bằng tài khoản GiaoVu | E6: P0 | F6: Functional | G6: Database seed sẵn; chưa đăng nhập. | H6: giaovu01 / giaovu@123 | I6: 1. Mở Login 2. Nhập tài khoản GiaoVu 3. Đăng nhập | J6: Đăng nhập thành công; GiaoVu truy cập được các module quản trị. | L6: Chưa chạy | M6: Critical
A7: TC-AUTH-003 | B7: Auth | C7: REQ-AUTH-001 | D7: Đăng nhập thành công bằng tài khoản SinhVien | E7: P1 | F7: Functional | G7: Database seed sẵn; chưa đăng nhập. | H7: sv2026001 / 123456 | I7: 1. Mở Login 2. Nhập tài khoản SinhVien 3. Đăng nhập | J7: Đăng nhập thành công, chuyển đến Home và phiên mang role SinhVien. | L7: Chưa chạy | M7: High
A8: TC-AUTH-004 | B8: Auth | C8: REQ-AUTH-002 | D8: Từ chối mật khẩu sai | E8: P0 | F8: Negative | G8: Database seed sẵn; chưa đăng nhập. | H8: admin / wrong-password | I8: 1. Mở Login 2. Nhập mật khẩu sai 3. Đăng nhập | J8: Không tạo phiên; hiển thị 'Mật khẩu không đúng'. | L8: Chưa chạy | M8: Critical
A9: TC-AUTH-005 | B9: Auth | C9: REQ-AUTH-002 | D9: Từ chối tài khoản không tồn tại hoặc bị khóa | E9: P0 | F9: Negative | G9: Database seed sẵn; chưa đăng nhập. | H9: notfound / 123456; tài khoản IsActive=false | I9: 1. Thử user không tồn tại 2. Đặt một user test IsActive=false và thử lại | J9: Cả hai lần đều không tạo phiên; hiển thị tài khoản không tồn tại hoặc đã bị khóa. | L9: Chưa chạy | M9: Critical
A10: TC-AUTH-006 | B10: Auth | C10: REQ-AUTH-003 | D10: Kiểm tra trường đăng nhập bắt buộc | E10: P1 | F10: Validation | G10: Database seed sẵn; chưa đăng nhập. | H10: Username/password rỗng theo từng tổ hợp | I10: 1. Để trống cả hai trường và submit 2. Chỉ nhập username 3. Chỉ nhập password | J10: Hiển thị validation đúng trường; không gửi đăng nhập thành công. | L10: Chưa chạy | M10: High
A11: TC-AUTH-007 | B11: Auth | C11: REQ-AUTH-004 | D11: Remember me tạo phiên đăng nhập kéo dài | E11: P1 | F11: Functional | G11: Database seed sẵn; chưa đăng nhập. | H11: admin / admin@123; RememberMe=true | I11: 1. Chọn Ghi nhớ đăng nhập 2. Đăng nhập 3. Kiểm tra cookie xác thực | J11: Cookie có thuộc tính persistent và hạn dùng xấp xỉ 7 ngày; vẫn HttpOnly. | L11: Chưa chạy | M11: Medium
A12: TC-AUTH-008 | B12: Auth | C12: REQ-AUTH-004 | D12: Chuyển về ReturnUrl nội bộ sau đăng nhập | E12: P1 | F12: Functional | G12: Database seed sẵn; chưa đăng nhập. | H12: ReturnUrl=/Course | I12: 1. Mở /Account/Login?returnUrl=/Course 2. Đăng nhập Admin | J12: Chuyển đến /Course sau khi đăng nhập. | L12: Chưa chạy | M12: High
A13: TC-AUTH-009 | B13: Auth | C13: REQ-AUTH-004 | D13: Không chuyển hướng đến ReturnUrl bên ngoài | E13: P0 | F13: Security | G13: Database seed sẵn; chưa đăng nhập. | H13: ReturnUrl=https://example.com | I13: 1. Mở Login với ReturnUrl bên ngoài 2. Đăng nhập Admin | J13: Không redirect ra domain ngoài; chuyển đến Home. | L13: Chưa chạy | M13: Critical
A14: TC-AUTH-010 | B14: Auth | C14: REQ-AUTH-005 | D14: Đăng xuất hủy phiên | E14: P0 | F14: Smoke | G14: Đã đăng nhập bằng admin/admin@123. | H14: N/A | I14: 1. Chọn Đăng xuất 2. Truy cập lại /Course | J14: Quay về Login; truy cập /Course yêu cầu đăng nhập lại. | L14: Chưa chạy | M14: Critical
A15: TC-AUTH-011 | B15: Auth | C15: REQ-AUTH-006 | D15: SinhVien bị chặn khỏi trang quản trị | E15: P0 | F15: Authorization | G15: Đã đăng nhập sv2026001/123456. | H15: /Course, /Class, /Enrollment, /Attendance, /Grade | I15: 1. Mở lần lượt từng URL quản trị 2. Ghi nhận response và trang đích | J15: Tất cả route bị từ chối và chuyển đến /Account/Denied; không lộ dữ liệu quản trị. | L15: Chưa chạy | M15: Critical
A16: TC-COURSE-001 | B16: Course | C16: REQ-COURSE-001 | D16: Hiển thị danh sách khóa học theo bản ghi mới nhất | E16: P1 | F16: Smoke | G16: Đã đăng nhập bằng admin/admin@123. | H16: Dữ liệu seed | I16: 1. Mở /Course 2. Đối chiếu tên và thứ tự bản ghi | J16: Danh sách hiển thị đúng dữ liệu; CourseId lớn hơn nằm trước. | L16: Chưa chạy | M16: High
... A94: TC-COMMON-006 | B94: Common | C94: REQ-COMMON-005 | D94: Kiểm tra trình duyệt, bố cục và thao tác bàn phím cơ bản | E94: P2 | F94: UI | G94: Ứng dụng chạy với dữ liệu seed. | H94: Chrome/Edge; 1366x768 và 1920x1080 | I94: Đi qua luồng chính bằng chuột và bàn phím; resize hai viewport | J94: Không có nội dung chồng/tràn; focus nhìn thấy; label/validation đọc được; thao tác chính hoàn tất trên cả hai trình duyệt. | L94: Chưa chạy | M94: Medium

Sheet RTM
A1: REQUIREMENTS TRACEABILITY MATRIX
A2: Liên kết Requirement -> Test Case -> kết quả chạy test.
A4: REQ ID | B4: Module | C4: Yêu cầu | D4: Test Case IDs | E4: Số TC | F4: Pass | G4: Fail | H4: Blocked | I4: Coverage | J4: Kết quả mới nhất
A5: REQ-AUTH-001 | B5: Auth | C5: Người dùng hoạt động đăng nhập được bằng đúng tên đăng nhập và mật khẩu. | D5: TC-AUTH-001, TC-AUTH-002, TC-AUTH-003 | E5: =COUNTIF('Test Cases'!$C:$C,A5) | F5: =COUNTIFS('Test Cases'!$C:$C,A5,'Test Cases'!$L:$L,"Pass") | G5: =COUNTIFS('Test Cases'!$C:$C,A5,'Test Cases'!$L:$L,"Fail") | H5: =COUNTIFS('Test Cases'!$C:$C,A5,'Test Cases'!$L:$L,"Blocked") | I5: =IF(E5=0,"Chưa bao phủ","Đã bao phủ") | J5: =IF(E5=0,"No TC",IF(G5>0,"Fail",IF(H5>0,"Blocked",IF(F5=E5,"Pass","Chưa hoàn tất"))))
A6: REQ-AUTH-002 | B6: Auth | C6: Hệ thống từ chối tài khoản không tồn tại, bị khóa hoặc sai mật khẩu. | D6: TC-AUTH-004, TC-AUTH-005 | E6: =COUNTIF('Test Cases'!$C:$C,A6) | F6: =COUNTIFS('Test Cases'!$C:$C,A6,'Test Cases'!$L:$L,"Pass") | G6: =COUNTIFS('Test Cases'!$C:$C,A6,'Test Cases'!$L:$L,"Fail") | H6: =COUNTIFS('Test Cases'!$C:$C,A6,'Test Cases'!$L:$L,"Blocked") | I6: =IF(E6=0,"Chưa bao phủ","Đã bao phủ") | J6: =IF(E6=0,"No TC",IF(G6>0,"Fail",IF(H6>0,"Blocked",IF(F6=E6,"Pass","Chưa hoàn tất"))))
A7: REQ-AUTH-003 | B7: Auth | C7: Tên đăng nhập và mật khẩu là dữ liệu bắt buộc. | D7: TC-AUTH-006 | E7: =COUNTIF('Test Cases'!$C:$C,A7) | F7: =COUNTIFS('Test Cases'!$C:$C,A7,'Test Cases'!$L:$L,"Pass") | G7: =COUNTIFS('Test Cases'!$C:$C,A7,'Test Cases'!$L:$L,"Fail") | H7: =COUNTIFS('Test Cases'!$C:$C,A7,'Test Cases'!$L:$L,"Blocked") | I7: =IF(E7=0,"Chưa bao phủ","Đã bao phủ") | J7: =IF(E7=0,"No TC",IF(G7>0,"Fail",IF(H7>0,"Blocked",IF(F7=E7,"Pass","Chưa hoàn tất"))))
A8: REQ-AUTH-004 | B8: Auth | C8: Hỗ trợ remember-me và chỉ chuyển tiếp đến ReturnUrl nội bộ. | D8: TC-AUTH-007, TC-AUTH-008, TC-AUTH-009 | E8: =COUNTIF('Test Cases'!$C:$C,A8) | F8: =COUNTIFS('Test Cases'!$C:$C,A8,'Test Cases'!$L:$L,"Pass") | G8: =COUNTIFS('Test Cases'!$C:$C,A8,'Test Cases'!$L:$L,"Fail") | H8: =COUNTIFS('Test Cases'!$C:$C,A8,'Test Cases'!$L:$L,"Blocked") | I8: =IF(E8=0,"Chưa bao phủ","Đã bao phủ") | J8: =IF(E8=0,"No TC",IF(G8>0,"Fail",IF(H8>0,"Blocked",IF(F8=E8,"Pass","Chưa hoàn tất"))))
A9: REQ-AUTH-005 | B9: Auth | C9: Đăng xuất phải hủy phiên xác thực và quay về trang đăng nhập. | D9: TC-AUTH-010 | E9: =COUNTIF('Test Cases'!$C:$C,A9) | F9: =COUNTIFS('Test Cases'!$C:$C,A9,'Test Cases'!$L:$L,"Pass") | G9: =COUNTIFS('Test Cases'!$C:$C,A9,'Test Cases'!$L:$L,"Fail") | H9: =COUNTIFS('Test Cases'!$C:$C,A9,'Test Cases'!$L:$L,"Blocked") | I9: =IF(E9=0,"Chưa bao phủ","Đã bao phủ") | J9: =IF(E9=0,"No TC",IF(G9>0,"Fail",IF(H9>0,"Blocked",IF(F9=E9,"Pass","Chưa hoàn tất"))))
A10: REQ-AUTH-006 | B10: Auth | C10: Chỉ Admin và GiaoVu được truy cập các module quản trị. | D10: TC-AUTH-011 | E10: =COUNTIF('Test Cases'!$C:$C,A10) | F10: =COUNTIFS('Test Cases'!$C:$C,A10,'Test Cases'!$L:$L,"Pass") | G10: =COUNTIFS('Test Cases'!$C:$C,A10,'Test Cases'!$L:$L,"Fail") | H10: =COUNTIFS('Test Cases'!$C:$C,A10,'Test Cases'!$L:$L,"Blocked") | I10: =IF(E10=0,"Chưa bao phủ","Đã bao phủ") | J10: =IF(E10=0,"No TC",IF(G10>0,"Fail",IF(H10>0,"Blocked",IF(F10=E10,"Pass","Chưa hoàn tất"))))
A11: REQ-COURSE-001 | B11: Course | C11: Danh sách khóa học hỗ trợ tìm kiếm và sắp xếp bản ghi mới trước. | D11: TC-COURSE-001, TC-COURSE-002, TC-COURSE-003 | E11: =COUNTIF('Test Cases'!$C:$C,A11) | F11: =COUNTIFS('Test Cases'!$C:$C,A11,'Test Cases'!$L:$L,"Pass") | G11: =COUNTIFS('Test Cases'!$C:$C,A11,'Test Cases'!$L:$L,"Fail") | H11: =COUNTIFS('Test Cases'!$C:$C,A11,'Test Cases'!$L:$L,"Blocked") | I11: =IF(E11=0,"Chưa bao phủ","Đã bao phủ") | J11: =IF(E11=0,"No TC",IF(G11>0,"Fail",IF(H11>0,"Blocked",IF(F11=E11,"Pass","Chưa hoàn tất"))))
A12: REQ-COURSE-002 | B12: Course | C12: Danh sách khóa học phân trang 5 bản ghi mỗi trang. | D12: TC-COURSE-004 | E12: =COUNTIF('Test Cases'!$C:$C,A12) | F12: =COUNTIFS('Test Cases'!$C:$C,A12,'Test Cases'!$L:$L,"Pass") | G12: =COUNTIFS('Test Cases'!$C:$C,A12,'Test Cases'!$L:$L,"Fail") | H12: =COUNTIFS('Test Cases'!$C:$C,A12,'Test Cases'!$L:$L,"Blocked") | I12: =IF(E12=0,"Chưa bao phủ","Đã bao phủ") | J12: =IF(E12=0,"No TC",IF(G12>0,"Fail",IF(H12>0,"Blocked",IF(F12=E12,"Pass","Chưa hoàn tất"))))
A13: REQ-COURSE-003 | B13: Course | C13: Xem được chi tiết khóa học và các lớp liên kết. | D13: TC-COURSE-005 | E13: =COUNTIF('Test Cases'!$C:$C,A13) | F13: =COUNTIFS('Test Cases'!$C:$C,A13,'Test Cases'!$L:$L,"Pass") | G13: =COUNTIFS('Test Cases'!$C:$C,A13,'Test Cases'!$L:$L,"Fail") | H13: =COUNTIFS('Test Cases'!$C:$C,A13,'Test Cases'!$L:$L,"Blocked") | I13: =IF(E13=0,"Chưa bao phủ","Đã bao phủ") | J13: =IF(E13=0,"No TC",IF(G13>0,"Fail",IF(H13>0,"Blocked",IF(F13=E13,"Pass","Chưa hoàn tất"))))
A14: REQ-COURSE-004 | B14: Course | C14: Tạo khóa học hợp lệ; dùng ảnh mặc định khi không tải ảnh. | D14: TC-COURSE-006 | E14: =COUNTIF('Test Cases'!$C:$C,A14) | F14: =COUNTIFS('Test Cases'!$C:$C,A14,'Test Cases'!$L:$L,"Pass") | G14: =COUNTIFS('Test Cases'!$C:$C,A14,'Test Cases'!$L:$L,"Fail") | H14: =COUNTIFS('Test Cases'!$C:$C,A14,'Test Cases'!$L:$L,"Blocked") | I14: =IF(E14=0,"Chưa bao phủ","Đã bao phủ") | J14: =IF(E14=0,"No TC",IF(G14>0,"Fail",IF(H14>0,"Blocked",IF(F14=E14,"Pass","Chưa hoàn tất"))))
A15: REQ-COURSE-005 | B15: Course | C15: Tải lên và thay thế ảnh bìa khóa học. | D15: TC-COURSE-007 | E15: =COUNTIF('Test Cases'!$C:$C,A15) | F15: =COUNTIFS('Test Cases'!$C:$C,A15,'Test Cases'!$L:$L,"Pass") | G15: =COUNTIFS('Test Cases'!$C:$C,A15,'Test Cases'!$L:$L,"Fail") | H15: =COUNTIFS('Test Cases'!$C:$C,A15,'Test Cases'!$L:$L,"Blocked") | I15: =IF(E15=0,"Chưa bao phủ","Đã bao phủ") | J15: =IF(E15=0,"No TC",IF(G15>0,"Fail",IF(H15>0,"Blocked",IF(F15=E15,"Pass","Chưa hoàn tất"))))
A16: REQ-COURSE-006 | B16: Course | C16: Kiểm tra tên, học phí, tổng số buổi và mô tả theo giới hạn model. | D16: TC-COURSE-008, TC-COURSE-009, TC-COURSE-010, TC-COURSE-011 | E16: =COUNTIF('Test Cases'!$C:$C,A16) | F16: =COUNTIFS('Test Cases'!$C:$C,A16,'Test Cases'!$L:$L,"Pass") | G16: =COUNTIFS('Test Cases'!$C:$C,A16,'Test Cases'!$L:$L,"Fail") | H16: =COUNTIFS('Test Cases'!$C:$C,A16,'Test Cases'!$L:$L,"Blocked") | I16: =IF(E16=0,"Chưa bao phủ","Đã bao phủ") | J16: =IF(E16=0,"No TC",IF(G16>0,"Fail",IF(H16>0,"Blocked",IF(F16=E16,"Pass","Chưa hoàn tất"))))
... A56: REQ-COMMON-005 | B56: Common | C56: Giao diện luồng chính dùng được trên trình duyệt mục tiêu và không vỡ bố cục. | D56: TC-COMMON-006 | E56: =COUNTIF('Test Cases'!$C:$C,A56) | F56: =COUNTIFS('Test Cases'!$C:$C,A56,'Test Cases'!$L:$L,"Pass") | G56: =COUNTIFS('Test Cases'!$C:$C,A56,'Test Cases'!$L:$L,"Fail") | H56: =COUNTIFS('Test Cases'!$C:$C,A56,'Test Cases'!$L:$L,"Blocked") | I56: =IF(E56=0,"Chưa bao phủ","Đã bao phủ") | J56: =IF(E56=0,"No TC",IF(G56>0,"Fail",IF(H56>0,"Blocked",IF(F56=E56,"Pass","Chưa hoàn tất"))))

Sheet Smoke Checklist
A1: SMOKE CHECKLIST
A2: Chạy sau mỗi build/deploy. Exit gate yêu cầu 100% Pass.
A4: Smoke ID | B4: Khu vực | C4: Kiểm tra | D4: Kết quả mong đợi | E4: Trạng thái | F4: Người chạy | G4: Ghi chú
A5: SMK-001 | B5: Build | C5: Build solution | D5: Exit code 0, không có compile error | E5: Chưa chạy
A6: SMK-002 | B6: Startup | C6: Ứng dụng khởi động và kết nối database | D6: Trang Login mở được, không có lỗi startup | E6: Chưa chạy
A7: SMK-003 | B7: Seed | C7: Đăng nhập bốn tài khoản seed | D7: Cả bốn tài khoản xác thực đúng | E7: Chưa chạy
A8: SMK-004 | B8: Auth | C8: Admin đăng nhập và đăng xuất | D8: Tạo/hủy phiên đúng | E8: Chưa chạy
A9: SMK-005 | B9: Authorization | C9: SinhVien mở /Course | D9: Chuyển đến Denied | E9: Chưa chạy
A10: SMK-006 | B10: Course | C10: Tạo khóa học tối thiểu hợp lệ | D10: Tạo và hiển thị trong danh sách | E10: Chưa chạy
A11: SMK-007 | B11: Class | C11: Tạo lớp cho khóa học QA | D11: Tạo và hiển thị trong danh sách | E11: Chưa chạy
A12: SMK-008 | B12: Enrollment | C12: Ghi danh học viên vào lớp còn chỗ | D12: Tạo ghi danh và tính PaymentStatus đúng | E12: Chưa chạy
A13: SMK-009 | B13: Attendance | C13: Lưu điểm danh một buổi | D13: Tạo bản ghi và mở lại thấy dữ liệu | E13: Chưa chạy
A14: SMK-010 | B14: Grade | C14: Lưu điểm một kỳ | D14: Tạo bản ghi và Overall đúng loại khóa | E14: Chưa chạy
A15: SMK-011 | B15: Search | C15: Tìm kiếm trên danh sách chính | D15: Kết quả lọc đúng, không lỗi | E15: Chưa chạy
A16: SMK-012 | B16: Delete guard | C16: Thử xóa khóa/lớp/ghi danh có liên kết | D16: Bị chặn và dữ liệu còn nguyên | E16: Chưa chạy
... A18: SMK-014 | B18: Error | C18: Mở Details với id không tồn tại | D18: Trả Not Found, không lộ stack trace | E18: Chưa chạy

Sheet Regression Checklist
A1: REGRESSION CHECKLIST
A2: Chọn checklist theo vùng thay đổi và chạy trước release/sign-off.
A4: REG ID | B4: Vùng thay đổi | C4: Trigger | D4: Kiểm tra bắt buộc | E4: TC tham chiếu | F4: Trạng thái | G4: Người chạy | H4: Ghi chú
A5: REG-001 | B5: Auth | C5: Đổi login/cookie/claims | D5: Login 3 role, sai mật khẩu, ReturnUrl, logout, denied | E5: TC-AUTH-001..011 | F5: Chưa chạy
A6: REG-002 | B6: Authorization | C6: Đổi role/policy/controller | D6: Anonymous redirect; SinhVien denied; Admin/GiaoVu allowed | E6: TC-AUTH-011; TC-COMMON-001 | F6: Chưa chạy
A7: REG-003 | B7: Course | C7: Đổi model/controller/view Course | D7: CRUD, search, page, validation, ảnh, delete guard | E7: TC-COURSE-001..014 | F7: Chưa chạy
A8: REG-004 | B8: Upload | C8: Đổi upload/static files | D8: Ảnh mới, ảnh mặc định, giữ/thay ảnh, đường dẫn hiển thị | E8: TC-COURSE-006..012 | F8: Chưa chạy
A9: REG-005 | B9: Class | C9: Đổi model/controller/view Class | D9: CRUD, duplicate code, active course, capacity, delete guard | E9: TC-CLASS-001..014 | F9: Chưa chạy
A10: REG-006 | B10: Enrollment | C10: Đổi ghi danh/học phí | D10: Duplicate, capacity, fee API, payment status, range, delete guard | E10: TC-ENROLLMENT-001..018 | F10: Chưa chạy
A11: REG-007 | B11: Attendance | C11: Đổi sổ điểm danh | D11: Active students, default present, create/update, validation, delete | E11: TC-ATTENDANCE-001..012 | F11: Chưa chạy
A12: REG-008 | B12: Grade | C12: Đổi sổ điểm/công thức | D12: Create/update/blank row, range, IELTS, TOEIC, average, delete | E12: TC-GRADE-001..015 | F12: Chưa chạy
A13: REG-009 | B13: Search/filter | C13: Đổi query hoặc PagedList | D13: Search, combined filters, no result, giữ query khi chuyển trang | E13: Các TC list/search/page | F13: Chưa chạy
A14: REG-010 | B14: Data model | C14: Đổi entity/DbContext | D14: Startup DB, seed, CRUD liên quan và delete constraints | E14: TC-COMMON-005 + module CRUD | F14: Chưa chạy
A15: REG-011 | B15: Validation | C15: Đổi DataAnnotations/view form | D15: Required, min/max, max length, invalid POST giữ dữ liệu | E15: Các TC Validation/Boundary | F15: Chưa chạy
A16: REG-012 | B16: Navigation/layout | C16: Đổi shared view/CSS/JS | D16: Menu, validation scripts, desktop viewport, thao tác bàn phím | E16: TC-COMMON-006 | F16: Chưa chạy
... A18: REG-014 | B18: Bug fix | C18: Retest một bug | D18: Chạy linked TC, case biên lân cận và module smoke | E18: Theo Bug Log | F18: Chưa chạy

Sheet Bug Log
A1: BUG LOG
A2: Mỗi test Fail cần một bug liên kết. Có sẵn 30 dòng nhập liệu.
A4: Bug ID | B4: Linked TC | C4: Module | D4: Severity | E4: Tiêu đề | F4: Bước tái hiện | G4: Kết quả mong đợi | H4: Kết quả thực tế | I4: Owner | J4: Trạng thái | K4: Ngày tạo | L4: Ngày retest | M4: Ghi chú

Sheet Test Summary
A1: TEST SUMMARY & SIGN-OFF
A2: Công thức tự cập nhật từ Test Cases và Bug Log khi mở bằng Excel/LibreOffice.
A4: Chỉ số | B4: Giá trị | C4: Tiêu chí | D4: Đánh giá | F4: Module | G4: Tổng TC | H4: Pass/Fail/Blocked/Chưa chạy
A5: Tổng test case | B5: =COUNTA('Test Cases'!A:A)-3 | C5: 90 baseline | D5: =IF(B5=90,"OK","Kiểm tra") | F5: Auth | G5: =COUNTIF('Test Cases'!$B:$B,F5) | H5: =COUNTIFS('Test Cases'!$B:$B,F5,'Test Cases'!$L:$L,"Pass")&" / "&COUNTIFS('Test Cases'!$B:$B,F5,'Test Cases'!$L:$L,"Fail")&" / "&COUNTIFS('Test Cases'!$B:$B,F5,'Test Cases'!$L:$L,"Blocked")&" / "&COUNTIFS('Test Cases'!$B:$B,F5,'Test Cases'!$L:$L,"Chưa chạy")
A6: Pass | B6: =COUNTIF('Test Cases'!L:L,"Pass") | C6: Theo kết quả chạy | F6: Course | G6: =COUNTIF('Test Cases'!$B:$B,F6) | H6: =COUNTIFS('Test Cases'!$B:$B,F6,'Test Cases'!$L:$L,"Pass")&" / "&COUNTIFS('Test Cases'!$B:$B,F6,'Test Cases'!$L:$L,"Fail")&" / "&COUNTIFS('Test Cases'!$B:$B,F6,'Test Cases'!$L:$L,"Blocked")&" / "&COUNTIFS('Test Cases'!$B:$B,F6,'Test Cases'!$L:$L,"Chưa chạy")
A7: Fail | B7: =COUNTIF('Test Cases'!L:L,"Fail") | C7: Mỗi Fail có Bug Log | D7: =IF(B7=0,"OK","Có lỗi") | F7: Class | G7: =COUNTIF('Test Cases'!$B:$B,F7) | H7: =COUNTIFS('Test Cases'!$B:$B,F7,'Test Cases'!$L:$L,"Pass")&" / "&COUNTIFS('Test Cases'!$B:$B,F7,'Test Cases'!$L:$L,"Fail")&" / "&COUNTIFS('Test Cases'!$B:$B,F7,'Test Cases'!$L:$L,"Blocked")&" / "&COUNTIFS('Test Cases'!$B:$B,F7,'Test Cases'!$L:$L,"Chưa chạy")
A8: Blocked | B8: =COUNTIF('Test Cases'!L:L,"Blocked") | C8: Phải có nguyên nhân | D8: =IF(B8=0,"OK","Cần xử lý") | F8: Enrollment | G8: =COUNTIF('Test Cases'!$B:$B,F8) | H8: =COUNTIFS('Test Cases'!$B:$B,F8,'Test Cases'!$L:$L,"Pass")&" / "&COUNTIFS('Test Cases'!$B:$B,F8,'Test Cases'!$L:$L,"Fail")&" / "&COUNTIFS('Test Cases'!$B:$B,F8,'Test Cases'!$L:$L,"Blocked")&" / "&COUNTIFS('Test Cases'!$B:$B,F8,'Test Cases'!$L:$L,"Chưa chạy")
A9: Chưa chạy | B9: =COUNTIF('Test Cases'!L:L,"Chưa chạy") | C9: 0 trước sign-off | D9: =IF(B9=0,"OK","Chưa hoàn tất") | F9: Attendance | G9: =COUNTIF('Test Cases'!$B:$B,F9) | H9: =COUNTIFS('Test Cases'!$B:$B,F9,'Test Cases'!$L:$L,"Pass")&" / "&COUNTIFS('Test Cases'!$B:$B,F9,'Test Cases'!$L:$L,"Fail")&" / "&COUNTIFS('Test Cases'!$B:$B,F9,'Test Cases'!$L:$L,"Blocked")&" / "&COUNTIFS('Test Cases'!$B:$B,F9,'Test Cases'!$L:$L,"Chưa chạy")
A10: N/A | B10: =COUNTIF('Test Cases'!L:L,"N/A") | C10: Có lý do trong Note | F10: Grade | G10: =COUNTIF('Test Cases'!$B:$B,F10) | H10: =COUNTIFS('Test Cases'!$B:$B,F10,'Test Cases'!$L:$L,"Pass")&" / "&COUNTIFS('Test Cases'!$B:$B,F10,'Test Cases'!$L:$L,"Fail")&" / "&COUNTIFS('Test Cases'!$B:$B,F10,'Test Cases'!$L:$L,"Blocked")&" / "&COUNTIFS('Test Cases'!$B:$B,F10,'Test Cases'!$L:$L,"Chưa chạy")
A11: Pass rate | B11: =IFERROR(B6/(B5-B9-B10),0) | C11: >= 95% | D11: =IF(B11>=95%,"Đạt","Chưa đạt") | F11: Common | G11: =COUNTIF('Test Cases'!$B:$B,F11) | H11: =COUNTIFS('Test Cases'!$B:$B,F11,'Test Cases'!$L:$L,"Pass")&" / "&COUNTIFS('Test Cases'!$B:$B,F11,'Test Cases'!$L:$L,"Fail")&" / "&COUNTIFS('Test Cases'!$B:$B,F11,'Test Cases'!$L:$L,"Blocked")&" / "&COUNTIFS('Test Cases'!$B:$B,F11,'Test Cases'!$L:$L,"Chưa chạy")
A12: Smoke pass | B12: =COUNTIF('Smoke Checklist'!E:E,"Pass") | C12: 14/14 | D12: =IF(B12=14,"Đạt","Chưa đạt")
A13: Bug Blocker/Critical mở | B13: =COUNTIFS('Bug Log'!D:D,"Blocker",'Bug Log'!J:J,"<>Closed",'Bug Log'!A:A,"<>")+COUNTIFS('Bug Log'!D:D,"Critical",'Bug Log'!J:J,"<>Closed",'Bug Log'!A:A,"<>") | C13: 0 | D13: =IF(B13=0,"Đạt","Chưa đạt")
A14: Build | B14: Pass | C14: Exit code 0 | D14: Đạt
A15: Exit gate tổng | B15: =IF(AND(B11>=95%,B12=14,B13=0,B8=0,B9=0),"Đạt","Chưa đạt") | C15: Functional >=95%; Smoke 100%; không Blocker/Critical; không Blocked/Chưa chạy
A17: Module risk / nhận xét | B17: QA cập nhật sau vòng test: module rủi ro cao, bug còn mở, phạm vi chưa chạy.
A19: QA sign-off | D19: Ngày
A20: Project sign-off | D20: Ngày
